image,label
00f6e504-7c27-438e-a5d7-bc65e557bb2b,Shoes
01c5cb43-4ce1-4d08-8b71-c0a20ba94a63,Shoes
01f52917-7e92-4c47-8979-1ab9a41c96a8,Shoes
02543402-d766-45be-a111-29d387e04e2f,Shoes
04dd77eb-4233-4a57-9b0e-3136ecf6967e,Shoes
04fa06fb-d71a-4293-9804-fe799375a682,Shoes
0764e0ee-d399-4ec9-8cba-8d4268540cd8,Shoes
07d88b75-85a4-407b-aa73-12294a2ff9a8,Shoes
07ed7f3c-c23e-4454-b751-b2120967f388,Shoes
08215318-faff-4037-bee9-5bceb0af7747,Shoes
08d39771-efe2-49e0-ac89-109f7cda7291,Shoes
09f0db06-5f01-468b-bb60-54a3093f7c27,Shoes
0a30baec-1938-47c5-b495-68a51701b43d,Shoes
0a5d2669-3f7f-4350-9f1b-42204b0a9706,Shoes
0bacb2c4-3d90-4835-b23e-aa7c2284d1bc,Shoes
0ca7f456-e16e-4afe-ab4e-9639719ec0b5,Shoes
0dd87e47-ca85-4d5c-9fd1-59f5a01eb656,Shoes
0e6871ee-7246-48ad-a356-a7fdde9878d2,Shoes
0fd66046-0879-42ab-be2e-a919c8a82aab,Shoes
10ca393d-6342-462d-9536-58873a767049,Shoes
10d807a5-fdbd-4b90-a70d-8e58c4d981d3,Shoes
110dcf71-51c7-4b18-9a45-5d3dc1fef6d8,Shoes
112c9f26-e053-4daf-9f4d-8c8a59c70da8,Shoes
1194757c-6518-4f24-9cbd-070b42cf4bc6,Shoes
132e5fa5-ed38-4293-8dff-20727b6b5ac2,Shoes
136ce333-cac2-4e57-816f-8b213fd35e9c,Shoes
1558e0ca-2ef3-402e-bf6c-d2d62c974cd4,Shoes
15839171-a64e-4526-a4fa-314a7b2c72fc,Shoes
15a64aac-f93a-4aee-9bca-24b94eccdfbe,Shoes
16ac9e08-b2f1-47c9-93a3-eba709d0acf1,Shoes
16e3b942-c1ca-42cc-8068-39f68e123de0,Shoes
16fd381e-9da4-493b-aa53-c217eab6bff0,Shoes
1732dcaa-2806-49e4-bf1d-34ab75011593,Shoes
17e48b37-4d0f-4899-b506-235cf166c621,Shoes
17f835b2-a006-42a3-8ce8-d16b593a8d11,Shoes
189a94de-6df7-4723-993c-c0c4054f1624,Shoes
18ff3e0e-6676-4f26-8be4-a992217ac524,Shoes
1c948411-aadd-4a6e-bf98-a7e7ddd3397c,Shoes
1d887da7-8102-488b-b0f0-ff8c9d507926,Shoes
1db2dc7b-cca1-4735-9cc6-0658d7dba3fd,Shoes
1e170a9f-9437-4eae-bd67-389c48b93ff9,Shoes
1e3ce182-d152-4476-8b6c-be3be197debf,Shoes
1ece3817-f6ca-46a2-b514-f2d3de572399,Shoes
1f971462-0ad3-45ff-b99d-c3d147eda46f,Shoes
20209905-0830-4a6d-a1cf-7382051f8f18,Shoes
206b6566-5e0d-4a73-8117-7f55124f1a95,Shoes
208c452c-6393-4f47-bed4-eecba5fd91e7,Shoes
2199f7e3-4474-4ebc-aeff-4da50d2e49d5,Shoes
22be984f-afa6-45a1-8895-a60e045f3382,Shoes
22c96e26-25e3-4c08-916e-fe756b1b558c,Shoes
22d0ec9a-ff45-4c64-8f2f-76ca9f1ad164,Shoes
2329e4c9-1172-4379-94de-091621a56a40,Shoes
2362285c-34bf-47bc-a40f-4f324b85f72d,Shoes
240bafc9-4c27-4d14-975a-4efe38c26cc8,Shoes
240f72f6-d5c3-4e64-9d59-179db8a37569,Shoes
242800cc-22b6-4b9d-94c8-a40851021644,Shoes
24535295-abe3-4613-91f6-a7fe87954662,Shoes
248e4cd0-d007-4f0a-827b-291f29ca06ae,Shoes
253dc2b9-f49e-4f55-9917-c9005c29bbd9,Shoes
261b36f3-5c90-4d89-93d2-0d20a7782287,Shoes
264f8d64-c5f0-45ab-9361-8ea9d8e0f5db,Shoes
27c457f9-f479-4f2f-8bae-c83859ee2acf,Shoes
29003421-15e6-41f1-9c65-c0abdfcfaa6e,Shoes
2acf8648-b4b0-4127-b27d-687880ffc29d,Shoes
2b54e651-5d43-4f24-9e9e-a58ce16d7c88,Shoes
2bce42e9-3d02-416b-9774-cf378cdfb708,Shoes
2be8cf7a-5b2e-400f-a826-785997af532a,Shoes
2c116a8a-43d0-4e46-a7c9-f6bd47def3e0,Shoes
2d77ba82-6ebd-4cb0-8e3b-338414051968,Shoes
2d986f3f-de01-498a-9657-68e28c84a6be,Shoes
2dd75b86-4a8f-4ea6-9b23-61a0da268def,Shoes
2dfbea36-6802-473c-b948-60a1e6181534,Shoes
2fb68610-0213-47ed-b7a3-f8268ffff8f9,Shoes
30021bac-2f3c-4405-a887-9d6cdfef2e83,Shoes
30b6fd9b-d172-4d5d-a1c1-c36d23f769dd,Shoes
30feae84-c7b1-4e72-8b42-0f7736d42cd5,Shoes
32662cf1-4440-459c-b55c-0ba39b71f768,Shoes
32c9aaa7-b03d-4dde-aac4-d7182bcf6957,Shoes
33a07241-01ee-4e64-97f6-e0cc65ae4f5c,Shoes
33bccc3c-2424-41e2-951f-a597fdbf054a,Shoes
34c94dfc-1234-42f7-8f34-5ded0f654860,Shoes
35707ebd-0264-4bbf-b5f2-a33c5c4bff4d,Shoes
37eabe0d-4afe-433c-9b55-36120c0ef1d8,Shoes
38935bd7-2d76-4895-9cb2-9ef80d2a5383,Shoes
38bec7b5-9585-4cee-acb9-dcbb09d0b118,Shoes
38cf3258-0817-4a90-917c-5bda3c93bc99,Shoes
39d92542-ffcb-4b3b-896f-d158eccf8172,Shoes
3a5f03b9-9afb-4fd4-bc3e-2eb56f83801d,Shoes
3ad2f431-cc51-45af-9e4c-8b13f3b6772c,Shoes
3b86d877-2b9e-4c8b-a6a2-1d87513309d0,Shoes
3c4df256-fc57-4379-8368-0c1fa0effcae,Shoes
3cf61c2b-7afa-4e63-8cbf-c163290dc67b,Shoes
3ddf90e9-73ff-4abf-ac1d-b7480f584a77,Shoes
3e35227b-2061-46eb-8379-a6844a4bd5ac,Shoes
3ebf66af-1f51-4e17-ba48-6e256d1595e5,Shoes
41302a0b-5faf-48a9-9b40-33885d28a7a6,Shoes
425050a8-15a4-432f-8454-7e81a6ea1116,Shoes
43a84e08-d66a-4ebf-a557-f9e00d0b89c5,Shoes
43b4bd38-ab47-4ebf-8862-0eaff744b047,Shoes
454fd50e-89eb-412b-b16c-17f1730ed9b5,Shoes
45a08ae9-3f8f-4303-a050-7bb171fbac19,Shoes
4797602a-efe9-438d-859a-3db113007ef9,Shoes
484ac9ae-b44b-4219-a58f-3911481c2e9d,Shoes
48d77020-2f4f-4ee5-b824-fded1bd3e5b0,Shoes
49301a0e-b5a4-4ce5-831f-f6e538c8b3ad,Shoes
49cf6cd7-48aa-4ce2-9bb2-36edae7eace4,Shoes
49d3b29c-54b9-4cae-b918-504cf24ce128,Shoes
49d3d0c4-851c-4571-9bc2-783156945a67,Shoes
4bef29fd-fa24-44b7-8626-f2230fcd53ed,Shoes
4c46c526-d2f7-454d-ae3b-ff1f7cd67276,Shoes
4c471b57-0825-4544-8bc3-6ec241c2baca,Shoes
4cb4760c-7685-4aa7-9338-6ffbc011f353,Shoes
4cf8f135-48d4-49e9-9bd6-1c00759b9d3b,Shoes
4dc09b5c-9009-4e75-8432-150b0fab4aac,Shoes
4eba049d-e813-4af9-913a-53b6877cdda2,Shoes
50f6bd8d-cf7a-4cb7-a1e8-190618947ef4,Shoes
5195e000-d919-4ebb-81b8-1e646224d231,Shoes
51c73057-ed52-4bf3-afa8-34a015301565,Shoes
51c9d43b-439e-4846-882f-8ef26062fcb9,Shoes
51e600b8-da42-434b-8953-c6fb890121a0,Shoes
523ba963-d904-425e-987c-4972f2800a5c,Shoes
530c78c5-4fda-4abe-9f01-8d329524ab4f,Shoes
54120c82-5bb7-4bba-a781-af18362eb24c,Shoes
5435b7dd-b93b-43e1-8bdb-0bc8797df73f,Shoes
552bd3bb-0917-49d0-8c89-df06d1d6dcba,Shoes
562fcdc1-cda7-40cd-bb7b-9b2c908d0931,Shoes
5638d62d-50b2-4d40-be07-713ab0313a69,Shoes
56a45826-246b-4a6d-9a5e-60772500cbb8,Shoes
578688ef-feb7-4890-a256-950e01d6d45e,Shoes
582d11e0-76bc-4ea1-ac4e-9b8dd752e4eb,Shoes
5846855b-5c89-430c-ba57-d1bed5cec856,Shoes
5923677d-f3c1-461a-9e77-73858ad2dcbe,Shoes
598fb3d5-2ffc-44f1-af7a-1346edafc364,Shoes
5bafda7e-d269-49e4-b2bb-a7a769f061f5,Shoes
5bb088ac-ea91-419b-851e-1b04b7ce57db,Shoes
5d147b66-5238-4ed0-9c6f-c68286fea4ad,Shoes
5e3cd348-3f82-4b97-a7ba-25bedcdbbf7d,Shoes
5e577f40-dd22-4b40-9827-ce6cae5ac3fd,Shoes
5f838a1c-6ab5-4629-a7cb-4a4755d408bb,Shoes
5fea042c-f2ac-4523-a813-fc0eae2d9472,Shoes
6013aef0-6c67-4877-8bcd-1c56553f0c07,Shoes
604486df-573b-4eb7-9c78-7b0a5b1b7392,Shoes
6048d80e-6197-4274-a326-f42812586e9b,Shoes
60e150bb-707c-42b6-a527-4acb9a7071f5,Shoes
6190369c-a306-4fb6-801e-98ddcbe21435,Shoes
61bbb3a2-2ee0-47bd-b3f9-2675b3076302,Shoes
62309a10-d8ff-4f5c-bfb5-85ed0c2682dc,Shoes
648efd0f-909a-4d07-8ce1-f11a8dceb9cb,Shoes
65368501-a7a8-4552-9035-7e812b9b4828,Shoes
65e038b2-c84d-4e95-be70-e58fab54f729,Shoes
662d378c-734f-413d-918f-f7cd82a41518,Shoes
669d3343-bda1-4a33-8f5c-3f20e2807a1f,Shoes
672924da-6d6a-422c-907d-2b5ba69b0ea7,Shoes
6829991a-d8ef-49b6-a603-77059fe9f829,Shoes
68477f32-78c7-4280-a75c-d43c9c952176,Shoes
6911b9c4-e3f6-4ff0-9451-610dce3c6ebf,Shoes
693cf00e-0465-4645-9779-d9f42aae09bd,Shoes
6aaa8bc0-140f-4c1a-9297-cabcf5f238e4,Shoes
6b1c9f42-c52e-4690-836d-d62e66d48ccb,Shoes
6b4278ed-f15b-4989-ac9e-0dbf4361d6e0,Shoes
6bdd35ce-9285-4580-8755-4c8f4bd9b724,Shoes
6cb6102f-cf2a-4b60-8b44-97e8b8e1e4f2,Shoes
6ce1572f-bf7a-4940-8b4f-611cbac3f8ce,Shoes
6d36bed9-c236-4bc0-81af-99bc657419bc,Shoes
7062b651-e729-4829-a5fa-d827f450c7b8,Shoes
70d6fdd0-4a24-429f-a00c-dc946a90f9e3,Shoes
711e0925-dba8-410c-9fac-80dc3c31908b,Shoes
731b3d2c-5a40-499f-9057-2dc29edc3202,Shoes
739882e3-cdcd-439b-b8cc-e52e0cd41570,Shoes
73c325ed-47ba-4df3-9b04-d8acab202244,Shoes
744d66e4-d0cd-4422-9ab5-50f4db15eb7d,Shoes
75557d1e-b607-4918-82d0-b3f14f31d5a7,Shoes
75912d0d-f9b5-450d-9260-87f192a06731,Shoes
75b7e88f-093d-453a-9238-a91e18ef80f5,Shoes
765235f1-0e47-436f-8d09-665463c8c6ca,Shoes
76649754-ab0b-44ef-a9b6-8f42f7e91047,Shoes
76acd48d-65c7-43db-8de2-925297e0b66d,Shoes
76bec031-f9e8-4b13-8b28-e4d216ffc29f,Shoes
76bf8091-4b76-41f9-b7a8-825747e4f39d,Shoes
778b036d-be9c-4ff0-8db0-29f3cf24c579,Shoes
77a6cb9b-1f6e-48f9-8e32-d100f9c093e3,Shoes
78b155de-4383-4ebd-8eaa-942ef366a6a9,Shoes
78c51dc2-9140-445c-b7aa-3a3d0234100c,Shoes
7966b04d-f4fe-4be5-97a6-65e1ac262ec7,Shoes
7a84a64a-4fb5-4aa4-8835-96aa2a8dedcf,Shoes
7b400ce0-c065-4051-9b40-ce5c39dddc9d,Shoes
7b6b3060-52d2-419b-8479-0fd5b731a760,Shoes
7bb0226b-f068-4b46-9e40-1e5110319fcd,Shoes
7c231127-1537-4e7f-af6a-9660f74b477b,Shoes
7cad8857-e522-4cc5-9985-caa87bb3d300,Shoes
7d0a2ea3-e1ef-40d7-9d37-542778df3340,Shoes
7d5a20ff-6431-404e-9870-78140166cf7a,Shoes
7dc1ee94-a507-4160-96d4-276364e31c3c,Shoes
7e020806-9182-44e5-a9a2-89a88f06f047,Shoes
7e970ea2-6f5e-484b-a0d0-ed8da34d78fd,Shoes
7ea50cd7-4993-49ff-9c9e-97632b2e92f5,Shoes
7f3c9738-92af-49a9-92de-b7e762a93e63,Shoes
7f3e1f42-5068-4fde-9355-f27c25423bb8,Shoes
802451d1-e9e5-411f-acf7-5d9fe2f0348e,Shoes
8030ef80-857e-4485-a29d-af320acde3cf,Shoes
8232d894-43f1-4adb-8622-5df9d65929c6,Shoes
82d149a0-7102-4382-886d-797eb011467b,Shoes
82fd1225-3950-496c-8bbd-36f57007ecd5,Shoes
83bd321b-ca56-4603-8851-7375d0740ecc,Shoes
84450c41-da8a-41e2-a0c0-67ec0363cf9f,Shoes
84cfca64-c7c9-427b-af29-6afa22ce7a8d,Shoes
8648344c-5acb-4f5d-93a1-7e89489489bf,Shoes
873dcb7d-34db-488c-b29e-1bbf78102a23,Shoes
8743de52-ca70-43e5-8e3c-12a1834cb120,Shoes
87a3d476-07dc-4ff7-af59-ec1240f95b62,Shoes
88d7e8fc-4ab1-451a-ad6a-0d8e12f5f27f,Shoes
8a4f3de1-5971-48f6-ad93-64a6a1dec148,Shoes
8b6de4c0-3f40-476d-bad4-a4ee3275176e,Shoes
8c2759e4-2ff5-4cf8-8ac9-88501c634cae,Shoes
8dc068c8-245a-4d42-9beb-d704fb7d3feb,Shoes
8e34ebaa-6919-46f3-84e0-98800a00f524,Shoes
8e3553a1-859e-4e56-a7b5-154a0b1c2c57,Shoes
8e9a0079-75b0-4c3f-871e-b337b3217543,Shoes
8f945c82-4d26-4c26-a525-bd785b7d73c9,Shoes
9016f21f-b6d7-469e-991f-aafca7c6c9ae,Shoes
9111788c-4ef1-41ea-a3c7-95622cd94c55,Shoes
927451d0-6fc4-4d19-b09f-2a30fe0e3628,Shoes
929c8097-c1c9-420a-8813-f4b25fecc416,Shoes
9401f8a2-b495-4383-b5fa-cfd2c414bffb,Shoes
94484af7-4127-488e-8460-0868d3b838a5,Shoes
9488678d-38f9-4888-b117-28a982ecf6f5,Shoes
962253ff-260f-45bc-98b3-119468d98354,Shoes
971dd8f5-957e-4553-83d4-f72b0c17560c,Shoes
973dc4ec-5548-49aa-9c42-718291432a3c,Shoes
981790c1-17b1-42c8-b446-aaa593c8f408,Shoes
99df5351-ca44-4291-9fc6-844993b24280,Shoes
9a7ca413-4c0a-4800-8f08-95e491336b4d,Shoes
9ae53cee-51b6-4255-88b9-836b9c8903f4,Shoes
9b61a6bd-1456-459e-a5f9-00c4c1989b94,Shoes
9b68ea5b-6589-4468-bad4-231cf47a60ae,Shoes
9c5d41ca-7d77-4a63-becb-72a20224224c,Shoes
9c7475ee-d095-47b6-a1e5-a83b8be68a6f,Shoes
9c97e52f-7cf4-4aa5-87e4-c3478108aa22,Shoes
9e042afb-d2cb-49a2-ae53-7cd54995f78d,Shoes
9e27ae62-9bdc-497c-b8cb-745252b6c232,Shoes
9f922e1a-0627-489b-9e0f-f8dd3fb520c9,Shoes
9fb6f6da-e937-458c-90e9-5a6265ae8b6a,Shoes
9ff58614-1b66-417d-9fd5-cd929425d03b,Shoes
a0207dce-3e5b-4ac1-92b9-59c6a31c516f,Shoes
a0a6a791-141f-4a5c-adab-84941f073e90,Shoes
a28a7997-95cb-4e05-907d-bb7a5c35c7f9,Shoes
a353e037-381a-46a0-b0d6-10e1f1a7ebbe,Shoes
a38daaf7-f838-4ad4-9048-6fba9c8f140d,Shoes
a3afcbf4-8cfc-45ce-88ab-730bdc369cab,Shoes
a3c97765-78c1-4d49-9792-c19bddf27a17,Shoes
a3e5af58-cc70-48b8-85f7-cd160ba95968,Shoes
a46832d2-a6fd-43e4-a447-4193f5071789,Shoes
a5edfe23-5bb3-48d5-a296-03d0f623d531,Shoes
a6fc18cc-8c54-472d-b9ab-fcab7dd8e89a,Shoes
a7b367e2-59ef-48c2-93d7-bd3d17a12c3a,Shoes
a8a64c6f-acf9-4610-963f-7691d04690a9,Shoes
ab3238c6-2607-4850-8a17-3e9027867a6c,Shoes
ab70eea8-6103-4dbc-a135-8085d222f03a,Shoes
abea332f-bcad-413b-9d82-9e3f4bc22ffa,Shoes
ac07a0bf-533e-4e22-9b8d-35cec894b207,Shoes
ac8a9f3c-6436-4bfa-8a08-978ec833045c,Shoes
ad0352de-3584-4ed7-8e80-083908297db8,Shoes
ade4c3c3-86ce-4187-b601-989279c0592d,Shoes
ae2a9947-7009-40ab-b7ad-0434e73eb2f3,Shoes
af1d0eb2-09ab-4207-b800-cf1126ec031e,Shoes
b00f4c40-c1b2-4fcb-9380-12b1134cd3ed,Shoes
b076b1c5-4426-46ec-9e15-4c785586f1c9,Shoes
b1299dd2-18e7-4d59-a7dc-f6eb14686572,Shoes
b1cdebb9-7c51-442e-9ae6-4adba2ea7e0a,Shoes
b232d13e-54fc-4c3a-9479-040932738ab3,Shoes
b2d00753-c0bd-48f9-95f2-18a91ea62206,Shoes
b2d23f7d-32af-4b91-a8c5-2cb5b6cec6b1,Shoes
b34268f1-78ad-4e58-bc16-2aa0728c1f7b,Shoes
b3586849-9c97-4f0b-81cf-80664fe91e08,Shoes
b43c6b80-8b07-4b95-946a-956673d18310,Shoes
b554f97c-8eaf-405a-8cbc-b80304c2da94,Shoes
b6121e04-b2c6-439c-ad3a-6257dcb372a6,Shoes
b69b6ddf-7f97-4611-ae42-0dd7dfe3c12a,Shoes
b6af3b32-9086-4fb2-9002-8e291e967523,Shoes
b6c29a96-b6f5-4b91-ab45-e6727d02ad2d,Shoes
b7883a04-4a25-47f0-b470-4ab70d3dd58d,Shoes
b7935371-743f-4ad4-9a48-fdb9d0bca9e4,Shoes
b7ac9688-55a5-4da2-b4f4-375dcc911760,Shoes
b94ae406-239e-45d2-a40b-1ec2fb0a8d17,Shoes
bbd52702-8038-4658-bcab-d6ee6586dd01,Shoes
bcc238bc-3ec1-4b8e-b93d-a2e3fa730f7e,Shoes
bd483b02-b604-4422-b474-d2c03cb2202f,Shoes
bf4d2b72-f4f9-47aa-ba99-d5bfedc68342,Shoes
bf583ce5-a849-44b8-afe9-59ab221d9d27,Shoes
bf5d5e96-dcd5-43c8-967a-be341517c6cd,Shoes
bf78527f-0734-44fd-a968-f6c32c12d61e,Shoes
c1480bd3-e7cb-421e-a58b-1b3cb7e4ff27,Shoes
c1803d88-5491-4278-91b6-e1f7d83c4ee6,Shoes
c224d361-b064-41e3-9c21-45335e840a6f,Shoes
c236c933-e78f-4e73-8ce6-1630b3a6c91f,Shoes
c287c715-21bb-420c-ad4d-128d2dd3078d,Shoes
c48bde60-ed5a-4415-9c41-6d0d79a55874,Shoes
c4f5a412-86e0-4573-b1fc-d771caac144f,Shoes
c575d614-707d-47f6-80b2-ecfe64ea9053,Shoes
c58c46e1-68e6-4272-8e37-09757b271386,Shoes
c59318e0-8cb9-429a-bdc8-a3843a59d755,Shoes
c72f789c-ccc0-4d12-9b23-8e17f68fd224,Shoes
c79342a6-6642-43f2-9822-a4eb22ebceb6,Shoes
c8582c70-17af-4f48-a866-eac7e0572560,Shoes
c8c2307a-534a-4996-89a1-2615a7ec7534,Shoes
c95edeaa-3884-4be3-b4fd-602782b9ccb5,Shoes
c96187e8-185a-48ce-aacb-29c41230dbb0,Shoes
c9adb406-d68e-413a-b182-e9c0f0570388,Shoes
c9da02e3-2c97-49c2-bab7-0e4a6d0af056,Shoes
ca045c6f-5bb5-4e8f-ae75-b177c01e6137,Shoes
ca44f511-7557-4eec-b87f-249c427c2697,Shoes
cabd3005-f353-4b1a-8782-a6f298445cfa,Shoes
cadf29a3-b15b-49fa-ab60-34534d07e6bb,Shoes
cc34d80f-6e80-446b-b9a7-3927f857d0a4,Shoes
cd5db7ac-77b1-4b6d-86f2-3ad1323029c3,Shoes
ce41d09a-154c-41e7-a382-99ba84dee49a,Shoes
cedf742b-bf77-4240-93cb-c02b6e473593,Shoes
cf846233-591b-43e6-865c-0365caa69aa5,Shoes
d03275bf-bd54-4319-b036-31d7c697eed4,Shoes
d09be031-92c0-4b14-bb7d-6d4926d3f6e2,Shoes
d10acc75-b240-4e72-822e-7f1279ed7caa,Shoes
d1ced6ee-7b6a-4152-9e9c-261db0f8f4c5,Shoes
d2084754-936b-44b0-8a16-fc8db4dd91be,Shoes
d3040523-1dfa-4cb4-ad8e-3845b75f5ab3,Shoes
d30de8fc-5550-4c34-8c44-57051407352b,Shoes
d34f9226-9481-48c9-bae8-46642a640560,Shoes
d3db25f4-a328-487e-94e9-472bc6f02807,Shoes
d3e084a7-7471-4a4d-8b2d-8522832839ed,Shoes
d4347691-a801-44a8-8e6d-87faea3db2a3,Shoes
d47373ee-c527-43de-831f-f8006c109476,Shoes
d4e28f4e-4575-4183-86fd-4c71105bd426,Shoes
d53159b1-2e6b-409b-9470-a901bd593dcb,Shoes
d68db0de-f19c-409f-a1d2-11beba864afb,Shoes
d6c3190d-7c5f-4ac1-bffd-b5f26cabe3a1,Shoes
d736efbc-9d18-4994-a9a7-2e4ad195f94d,Shoes
d748ed88-9bf7-402e-98a9-7a4c65582e48,Shoes
d9218439-14f1-46fa-8c35-f17f112b08fe,Shoes
d9cf6f6d-820e-4ec9-a5ad-4be0e2df3976,Shoes
d9d9456b-3398-4684-9d0b-e52dfbd0e491,Shoes
da73c56d-32ac-4d66-bdb2-82c50adcdde7,Shoes
dacac63f-c325-4efd-9d77-fe6592ec967f,Shoes
dae8c9d7-d344-499e-9253-57bb2a777fe5,Shoes
db2cbe05-735a-4d78-9202-d537d6a1a166,Shoes
db5aab31-c7a7-4459-9751-028dfafc9cb9,Shoes
dc0d9ba1-165e-46d8-bdb1-fba1d753ead8,Shoes
de127ace-68f3-4ef1-beff-f46f89a0a9f4,Shoes
de853711-0b97-45a6-a794-3c424246db03,Shoes
dec0cfa4-99d2-440e-9cf2-1f254d9042ac,Shoes
e026aab9-818c-46c3-993e-b80a9128d361,Shoes
e0b088bd-41de-4b38-b6e8-c2d3b2bbc53c,Shoes
e2dd7cf5-e947-4f6f-b8c1-5014322954b7,Shoes
e2dfcb33-19ba-4c82-998b-66f125086e63,Shoes
e31aa5e7-8b5f-442f-85e3-94225db07928,Shoes
e3b615cd-c024-41b3-b9fa-5040a23b2572,Shoes
e3f2266a-49db-412e-99ab-a57cb0b226e7,Shoes
e4426e67-a4b0-430f-81cb-3ea2c8544027,Shoes
e454baf3-5081-42fe-a145-e244e9a5edd2,Shoes
e4acdca8-db9f-4209-8c03-5739890b4899,Shoes
e6230ea8-cef3-4046-bccf-6d78135ad658,Shoes
e6a1b8e7-421b-4840-aa49-3d325064ca80,Shoes
e787428b-ff3b-4018-8fbd-bff485db291d,Shoes
e92b0f2e-dbe8-4d22-a26c-8d81640b739b,Shoes
e938611b-9f82-4096-93ae-536ab6d7bb4d,Shoes
e9c4090d-6f3a-4142-bd36-e5eebc57d641,Shoes
ea4afd28-2e6b-41c8-9d10-6bce862a482c,Shoes
eb16379f-ffd2-47ce-8530-fcca25cdc5cf,Shoes
eb1677ad-53da-4b3f-bced-e5c01a7e64bf,Shoes
ebb7b9bb-bae5-4865-88c1-3940b7456f40,Shoes
ecd45864-ec3c-4193-90c4-2bc4b3a38eb1,Shoes
ed711823-af3e-4ad9-abe9-538625251af8,Shoes
edaaace7-0a33-49c6-9ed5-1c44e9f02e9d,Shoes
edd3ea28-cfe9-4100-9283-d5781d1d5d52,Shoes
ee368b50-0eaa-437c-850e-c807f75de78f,Shoes
f12c0f99-a95a-4213-b110-cf8c5fd2cf6c,Shoes
f3510847-65cb-4b60-8d72-4c02d5ae6c85,Shoes
f448c9bd-dbe4-4274-855a-34de2e4a86fd,Shoes
f56febf3-452e-4eb2-a514-4b18f950c807,Shoes
f5bb1e14-cec6-436d-b13d-66a30d91e330,Shoes
f5dbed9d-7455-4876-9059-bc90c0519ed0,Shoes
f5ed50b6-79b3-4d9d-84a9-8010f5e1c581,Shoes
f6486e32-eaed-45e2-b506-2a71c83d36a3,Shoes
f72b6737-47de-4b8f-a1f0-a874d3d591b6,Shoes
f744c13f-1b8f-44ef-a45c-4b8e65771901,Shoes
f7b209c5-c0c1-4ff8-b643-0b0dbdd1d600,Shoes
f804b775-13a3-4913-8006-5a1e61f7a005,Shoes
f8718971-1b03-4122-92c6-b019743ea795,Shoes
f8a7abd7-f479-40d0-ab45-fcdaef82e1c5,Shoes
f8e2ef27-a780-48b0-92c7-43dd2b7fb861,Shoes
f9712e54-9a7b-4e96-b99a-c43d2832a0e5,Shoes
fa44b5cf-4029-4460-b2c2-cf322e726c57,Shoes
fa5fe172-a5b0-465a-bf25-7e22e7af43cf,Shoes
fb0e4090-f7e7-424a-aa85-44daffcea9a1,Shoes
fb9e862c-8c64-4f23-b1e9-e734ec797436,Shoes
fbdddc68-0c17-47fb-a6a4-28f9564f44fb,Shoes
fcd313d2-0e91-450d-a613-e9f5e91a47da,Shoes
fd03284a-8027-42af-b8ee-7e14e41ace9b,Shoes
fd235c36-a30a-4aa9-8cb6-d1b0a450d737,Shoes
fe177283-e19e-479e-a495-fdd3a477bd4a,Shoes
feb9c05f-55c1-465f-9b13-3c933302a91c,Shoes
ff5b1764-1272-41bf-a324-98f1b9f13fae,Shoes
002eb5b8-6541-42a3-9596-0d94f7b866ae,Pants
0098b991-e36e-4ef1-b5ee-4154b21e2a92,Pants
012d1ca9-baaf-4b01-8b60-955f3408b1b7,Pants
0237ad41-08b8-474e-9ba2-7fc342e6b8db,Pants
027a10cb-97f0-46f3-b670-611e481bb8fe,Pants
027c81f2-c6e1-498a-8f69-823ce631438e,Pants
03229a43-ab8f-4fdc-ae53-75d64d300b44,Pants
03383314-4e34-4604-8ba0-f5d75371204f,Pants
03b5fa92-c65d-4b45-820b-967e85f41ee2,Pants
041cea74-d96a-45ff-a8e2-d311ee0f21d8,Pants
07203b6c-8d84-4a31-ac32-78b0a66de843,Pants
073f2d48-e363-474d-acbe-11103356e7e2,Pants
07b616c7-1ac6-48ea-8517-f0bc8d4ad4ec,Pants
081b5ec1-13a6-43c8-991f-9ad2020f646a,Pants
08973288-3d8b-4c07-9f2d-ce1392da54be,Pants
0982f691-f2ce-469b-b81e-6842b914632c,Pants
09cd286c-0fab-45b9-9152-322f32275ef7,Pants
0a2668d3-e42a-4f46-bb7f-01cc409c1839,Pants
0ad5bfb5-0f2b-4396-8c05-39ca0a9a2960,Pants
0c224954-0e0f-4caa-82c8-cf9581e89336,Pants
0c99f0b4-3a0d-4d24-bfdd-e9e98914892c,Pants
0ccc318a-7d69-4d7f-a442-aac1f88bc453,Pants
0d0bb91d-01d7-45df-827d-da96bbc44b15,Pants
0db5a848-2066-436f-bd21-8b3585b391a5,Pants
0e3d71f8-7677-4cd4-ba24-4788c3890ac1,Pants
0e684087-83bf-4153-90f4-6f7ba6f25338,Pants
0fe5eeb6-316f-4f60-b604-8a1b25e23433,Pants
1015f2a4-265d-4d43-b697-17c5735cf46d,Pants
102a92cc-2886-4265-90ac-30d00173435b,Pants
1042a9df-2411-4f6c-b156-1d0d94e2f6ed,Pants
10fb1c4a-a2ab-4f43-848e-d8a1a41dff8c,Pants
119518b0-abfc-49a1-88dc-016f2dbd17ff,Pants
1284316a-8db1-450c-bb64-4929f16d91ca,Pants
129287b2-e3ab-45f8-b0aa-cd0fa1e6864c,Pants
12bfe0f0-accc-4539-ab51-53f63534938e,Pants
12f7dcc1-a830-4a57-8d6e-088cb0ae4d08,Pants
137ef939-62db-460f-9102-120dc1ffeeec,Pants
1417a51e-fca6-458d-9d7c-456644616663,Pants
1490d841-c8de-433d-8a58-7c840c2f24a0,Pants
14bc842c-60e9-468c-ab35-5089143945f5,Pants
15a7641e-e098-4015-952f-4e8c103b69e6,Pants
15eea7e2-3dba-4f28-a34e-5e72e5a8a42f,Pants
161964e5-6633-48b1-bfaf-1909e3656d19,Pants
16edcd9e-82d9-4827-88d0-32c10298adea,Pants
16f2e166-c38a-4171-a5b2-e9f5c55fafc3,Pants
17936ba2-937a-46d8-afa0-0750abdb3200,Pants
184b54b9-94f1-41c6-9aeb-64efa09a4720,Pants
188eaa2d-1a69-49b1-a9fb-7b3789ac93b4,Pants
18a573de-219f-44de-8dc9-0a64422e4f99,Pants
1911309c-7ff5-456e-a3de-d3dd9de4c7bc,Pants
19931b17-d23d-4b7a-91f8-ca5cbebf8a7c,Pants
1a08f33a-2ff4-4fb8-920b-8ff514bcdda8,Pants
1c9a6bc0-d29e-4e2b-8d00-d19e4d77a380,Pants
1ccfcad0-57a3-44a6-83f7-f42a189cf6bf,Pants
1d3e7e1d-6f5a-4a99-8a74-15e007d144f4,Pants
1d42c614-19d5-4515-8ef9-0bf551a601c0,Pants
1e9ba1e2-eefe-4853-ab05-63598cb144f1,Pants
1faab1ac-d8d4-4711-adbb-7812d7513d41,Pants
201d7c0c-4e6f-47c9-bb55-44890164c6a7,Pants
20facb98-b9ea-444a-8770-3ecfdbf642b9,Pants
2126322b-b4eb-4410-988a-9261155c017a,Pants
21a06a8f-583d-40c5-b5f8-2b735af0f8e5,Pants
223939a1-c2a0-41c7-8956-fb1b6370ebeb,Pants
23c11d4a-ba64-4640-83e1-11c6f0008b0b,Pants
245a3c16-7c5e-423b-b5af-b8f12d89a59f,Pants
26ac7ba6-1aa0-4dd7-a9e9-2562a9679332,Pants
276db6ba-6a50-499f-8a3d-7ede222493df,Pants
27d89ad3-f25b-4bec-a824-8e2d881c2d4f,Pants
297b1d2d-70d6-42d9-a6eb-5d28c59f1061,Pants
29ea96da-0051-47ba-adea-76ff6c5b817c,Pants
2a1f8d1f-301c-4a6d-87e1-fab1660a6a82,Pants
2ade25ae-89ae-4ba7-9bd7-761c55850e97,Pants
2adfd297-5e23-449b-bb28-b35a361b4645,Pants
2b64b726-ffca-44b1-a986-cc9fbdacf665,Pants
2c54ae46-0d68-4bca-a225-bbef7b34b640,Pants
2cd28b7c-b772-4dfa-9336-d08b14e41444,Pants
2d88dcfb-2418-49fa-82b2-b5d4500ed542,Pants
2dff871a-a18a-4ab7-bbd2-cfdd1544b3fa,Pants
2ef038be-5743-46fe-afa3-cfefec5fbf35,Pants
2f0b7b04-c238-465b-8e7a-08fabec28223,Pants
300963e8-f469-471c-a7dd-9eed99ddad4f,Pants
3312ff1c-ebf4-4503-ac05-85f2debccf3a,Pants
34b08259-f999-45c8-bf2f-be3becec7fe4,Pants
36851ced-845f-467e-9e75-cc414246368f,Pants
37a0cfa8-0f10-405a-8d48-838a3d687620,Pants
3901a67e-e2da-483f-89ac-e0472b33e5a9,Pants
390960ff-3a5f-4e8b-a025-f967aa2a435b,Pants
3979fe73-7315-4caa-bcce-7612ea948f04,Pants
3b0c4551-0e63-448d-af5c-f29332eff41a,Pants
3c52fa33-4159-4d48-a86c-0e7c6629f251,Pants
3c8b71f9-ed39-4916-8fa1-ecc82a3d5986,Pants
3cef4468-d107-4f8a-949e-aaca30eedcdb,Pants
3f76d021-c94f-499f-9607-8f24fa1e526b,Pants
3fa6aae4-c8de-4681-bd3b-1faa60dca0d0,Pants
3fe20c87-2f09-459c-9b59-d4e9a07b361e,Pants
40ee6784-5c49-40c1-bf26-7cdbcc9ff849,Pants
4125a2d5-d084-4bde-94ce-819f7f39185f,Pants
421c4931-edc5-4458-ae7e-4e3b7a6d8ea7,Pants
42a11cd4-2bb3-4db6-9bd3-baeac481b92d,Pants
42cf9e7a-1ad2-4b91-9691-a65511341c05,Pants
43976040-49b3-4e59-8b6a-8ceb4d814d4a,Pants
445ec205-7346-463a-aa21-83c282fc0e04,Pants
45039ee5-2d40-4a5e-a92f-7912e520575b,Pants
454084c4-e40d-4cdf-bb43-28d610844f55,Pants
45d99d85-955a-4fc3-bbb8-4429e40a3233,Pants
47106cae-9eee-4147-bcd1-458f2f00fd3d,Pants
471f46a6-09d5-48c1-a9ea-83617c1fc294,Pants
47408816-4d1f-4e11-adba-84dc27a3b9bf,Pants
49eb3fa7-099d-45e8-88b0-35b60b42e386,Pants
4acf605a-7f66-43ce-8616-f9e390696b89,Pants
4ba6deca-32d4-414a-8ccc-42bee703520d,Pants
4c9dc9d8-07a9-40c8-89b0-33c9e51e87ef,Pants
4cc0191c-175d-48e1-9808-ffbb7ea7ac57,Pants
4cdf0860-1969-43db-9d4e-b255158c8fa0,Pants
4e087288-681e-4722-b9e5-929033c5d23e,Pants
4e6276b7-564c-4a32-9218-13cfc9148263,Pants
4f9521b3-9cad-4cb2-bf9e-34bd0b10b068,Pants
501e6c1c-4bbb-46b7-8d95-edbeb901826d,Pants
5081af53-6dd0-454b-be59-e9575b031f98,Pants
510f1ddc-4984-4c98-8485-a22193eda539,Pants
511cbfa4-cc0c-416f-9e8b-c4e3fb16b9df,Pants
51b5e26f-be7c-476f-a3dc-98b7dff6f3a7,Pants
522cf1b9-f25b-4e6f-81b4-787bbe1d28ce,Pants
52889e96-b086-4375-92ba-9bd2ddb26fb9,Pants
52ce573c-7d58-466d-a4a4-4ab256a175a6,Pants
5309ce8a-f957-4618-8605-31d9382b515e,Pants
53b3c5cf-66bb-4741-b8e2-aa42562a4795,Pants
53c2539d-a472-4a71-88d8-6c0aaf0fe1eb,Pants
542e0f88-7b55-47ee-998e-c08c5eb2f021,Pants
5467d2cf-df50-4b00-9394-259f303b2db9,Pants
549efe03-629e-4620-9fe2-4ed3a9d856fd,Pants
554316b9-05a9-4d28-9b5d-2455e78f82b8,Pants
5613ec9f-6df7-4a3b-ac27-a961fd0d2fa9,Pants
5638d782-4a13-49be-9318-77c40aab7a3c,Pants
563f7562-e4e2-46fb-9e13-48b1d54f9828,Pants
56f8579b-7609-499c-b95e-6be249d855d3,Pants
5795a645-45b8-423a-887a-f8af020fa08d,Pants
57dec82b-f2fc-47e1-8d0d-0509622d8fb3,Pants
57f30248-f4af-4626-bb02-df4c0ae0a0d3,Pants
58e81b94-b56b-4cab-85aa-c5990a81c249,Pants
59225f02-287d-4f5a-8b0a-a9749ddd9d9d,Pants
594f21c3-76f2-47e6-bb94-9975a455742a,Pants
595f609d-253c-49e5-bd5b-3c45dc61f2a0,Pants
59633c7c-cbdb-407f-97d8-d59fdd57f120,Pants
59da8ee6-32a7-44f0-abf2-b53b1f6448af,Pants
5a1bcd89-5b3d-41a1-80a7-0665c2ce7f86,Pants
5bdc1260-a69c-4368-b439-9b96400a5d3c,Pants
5cb0fa87-7669-44bd-94a7-4bcdec2049ad,Pants
5dcc789c-2acf-425d-8f8a-a94c87acd1cc,Pants
5deaf3ba-f302-4d9e-865d-41c5942da55f,Pants
5e295abe-46f4-4684-95f0-b9740ce3f059,Pants
5f2522e2-a074-4f21-8b26-00cfc2457da2,Pants
5fcc9116-4153-4438-8024-f0ea54c3b40f,Pants
600e6a2d-1177-4918-9760-610f2d89dc30,Pants
60c2da2f-1690-4126-b402-1ffde96e208f,Pants
62609da4-6986-40f3-b88f-f3a6e55f6e6a,Pants
6353a39b-1d2e-45bb-8c5c-05086772e962,Pants
63667c9e-9b66-46ce-9c26-a72dcc77d9a8,Pants
63eee68f-b61a-4901-b24d-384ef76b726d,Pants
64c5d20e-7cec-4965-8c50-315389f44b22,Pants
65550f31-b44f-462e-aec4-6dda5e478930,Pants
6558b3d0-f4e5-425b-a219-7b0df47ca55f,Pants
66065682-525c-4c5b-91d6-779909391cb9,Pants
661fff77-f427-4963-8d3a-2783343c547c,Pants
6728b4d4-1f7d-4875-8a72-3899f61468cd,Pants
6793b85d-fa90-41dd-bb4c-f26dcd8863d8,Pants
68228a47-2453-4cf3-bdf6-72bfdd39c58b,Pants
68ff2e07-5cee-42f1-a727-2c7d0b1912bd,Pants
69c9f814-934a-47b7-a3d5-d107401207ff,Pants
6a88ed88-4090-4874-92d7-fdc534b6df9f,Pants
6b184036-28e9-43fb-93b7-1282efa405c8,Pants
6b2a4812-5f04-40ca-aba3-f66607934a7e,Pants
6cd85576-a3f5-4c47-98ab-5a236ec392ad,Pants
6df15f1e-3e78-4bb3-b43a-a9d32b9b3ec9,Pants
6e70492a-b2c9-4fcd-8bd4-5395af5a9e26,Pants
6f2e047c-673a-4d8a-ba75-f3ba4b23f22a,Pants
707cf964-a067-412a-a562-ac5a1112f81b,Pants
724879a7-718d-4b77-b438-eb39ce612395,Pants
725f2fc9-230b-4bcb-807b-6a757cefdf37,Pants
735b2cb6-8cd8-4103-8e8e-85888a6acb71,Pants
74be6d25-8e2d-4189-ab13-725af704fe41,Pants
76298c5b-90c5-4551-a16c-de4700afe55e,Pants
77b2ead2-e103-45f2-a47e-96f6dfd88b41,Pants
78043895-d366-406a-a5a2-18d865e87ada,Pants
78ddd6f1-8d25-4e0b-b2d7-b28d55c77fe0,Pants
79e3574b-361d-4c3a-b311-85c4ee1e784b,Pants
7a6e7ddb-ac03-4d78-9d71-75320e5913da,Pants
7ae2d3c3-5198-4f12-bc1c-e164364e3b5a,Pants
7b0722e4-ecae-4332-9971-eb3ee433d748,Pants
7dc9022e-5c1b-4d8e-8b36-8790f15f4b6d,Pants
8000d04b-c476-4b1a-bd83-243788267abb,Pants
809a0878-3aa0-4364-94d8-d4db70a4ec67,Pants
81c0df9d-d061-4cb2-9376-c18ec9bba92c,Pants
824224ea-df38-446b-a01e-ca078906bb93,Pants
82942b72-fef2-4c9a-bf64-70525f95a654,Pants
82cc97d5-b719-4a00-b6d6-e7dfead3dd75,Pants
831722d0-3e3c-4ecd-b3b3-14dd0ea222bc,Pants
83a8cf9d-2453-4450-99a4-c402f0072d5f,Pants
83cab907-b103-4c0f-92bb-dbe5b28bd7c5,Pants
8448ad1a-b394-4bdd-8ecc-eca64dcf4e92,Pants
84a4a5a4-fb02-4009-916d-7e82d65c3e12,Pants
85bbf0ae-c8fa-408e-bf51-d2f12be45633,Pants
867ebe12-3b03-437e-9432-bff033a81e46,Pants
889779d4-3902-45f7-9187-8001a6cf2cfc,Pants
88cdf53a-32a1-4993-99be-bac046165a2e,Pants
8912c0c5-b54d-4e41-9619-69a76ace5c57,Pants
8a7c9d42-e734-4811-8775-dc0734fa14d1,Pants
8acbe013-6f78-400b-a9e6-66144cf8574d,Pants
8b8563c5-9eb1-4c44-9d52-acd22a8fe25d,Pants
8c6763e1-9239-438a-84cb-f4a896d2f46f,Pants
8e276d05-4a6a-4373-a6d7-6506159ca257,Pants
8e6d9b59-cb9d-4250-9dc2-a83d93cec95b,Pants
8ec70fdb-7ae0-400d-bfc6-ef2ce57f05fa,Pants
8f0c3bd9-5784-4268-b5ee-020122a0dcd3,Pants
8f2de04f-c93e-4261-9545-690a1bf5ab9f,Pants
8f5774e2-9db8-43bd-8b3c-d8623f385eaa,Pants
90251c13-9c87-4c28-a7f4-fe7aee16ce87,Pants
90dfc5eb-a1d5-4cd9-a4ad-c3744461f01a,Pants
914abed6-9cdf-4728-afa3-9d100efda766,Pants
92234206-9018-416d-b558-b96ce85bf4ff,Pants
932d783e-f31c-4521-9b0b-d93769cf539c,Pants
93a6f341-bdd7-4feb-88b6-8de1512ba7df,Pants
9455eea0-e445-4382-ae2e-323acaaee464,Pants
9583c21e-bdf2-4259-a041-f8f5d0eaba74,Pants
967cd983-84e9-4812-ab2e-bdf67cc85051,Pants
96f5353a-dec4-40c8-a8de-45793ee98bea,Pants
97074b7f-706a-4c17-b875-bd9baa5bed0e,Pants
9760ea86-277b-4291-be10-03141e3b1ecb,Pants
97cb988a-d250-432d-8585-d93373456355,Pants
97dc40b9-26ce-4607-a7c6-8177f36324f1,Pants
9914e7ca-9b82-4a05-aeab-26098f937d7f,Pants
9a08cacf-dfa1-4e55-a79b-1c6a86abd76f,Pants
9a858530-6e0d-4bf0-8900-42055c64ddaf,Pants
9a87b9e5-ac39-4b3a-b550-ac2d5c38b2d6,Pants
9b4aa622-dab1-4d43-abc5-e736e0f600fc,Pants
9cb9ae19-00e1-4423-a940-a65200940627,Pants
9e4d4f1b-70f1-4063-84f5-a04afcedcd5d,Pants
9e4ddb40-e805-481b-b80d-4109d6d4114d,Pants
9f0c5ed6-08d2-49dc-a27e-da7d9bb2e23a,Pants
9f9ea5fe-6acb-4f44-a803-53678621a6c2,Pants
9fb287ae-c15a-4d3b-8b5b-6898a44d4e27,Pants
9ff5041a-81d2-417c-b6a0-453a2b6b1052,Pants
a19ddb4a-41f1-4260-a1f7-05e9d96f7b44,Pants
a22e0c5c-1b08-46a4-b092-5e87a2bcee88,Pants
a28d4188-7956-4e72-b567-f4c0280b3d7e,Pants
a2d24a18-4de5-4e51-8405-deeac86f86da,Pants
a5111c97-2304-4432-9846-3dea021ef2e0,Pants
a685a9b1-c4af-4302-be13-27ef25d178b5,Pants
a79b1490-9991-4b13-9147-c952c1297563,Pants
a8a1f779-0234-4c3e-9afb-2d81102fe27f,Pants
aa06a7fd-cd78-4a78-878a-0ac5b4a8c9ff,Pants
aab5211c-1562-4c40-bf91-558b658741d6,Pants
aaece34a-d076-45ab-84b9-78519297ce5a,Pants
aba9306d-e0dc-4717-915c-345ad637c4db,Pants
ad22bcd3-abd8-4b31-9605-2cc460b93e4a,Pants
adf533b2-59ca-42bd-bd78-cb02ff90217a,Pants
aea051a0-8a6f-4f02-9567-2acf4f1e7bff,Pants
aed4d957-1f38-4d9b-a5a9-ed81a70986a8,Pants
af130668-3a3c-4dbb-b7f3-8456ec286a68,Pants
af7bd3e8-2826-430c-b074-85b8c0084c3f,Pants
afc40786-a90b-48ed-a78f-dfb8833d065d,Pants
b0d80937-504a-45b6-8c75-ab7c95738b41,Pants
b15f709d-f361-4dc0-a164-7dbcdf758a54,Pants
b2283dee-271e-44b1-a0e4-1f3b717af614,Pants
b23375c8-fe67-4390-b770-444bf8eb83b4,Pants
b2770ba5-2094-4203-8797-aa863f2cca2c,Pants
b33d6289-5f4f-4803-a125-01138da722b4,Pants
b365eac0-cf34-4db5-807e-794323d531fd,Pants
b3f2dabc-64ad-44fe-9cb7-ba5d0c5d630c,Pants
b571d681-dbca-42bd-8de4-3f863e8bffe7,Pants
b58fa44e-999a-4377-baff-90de8d61992a,Pants
b5a38d12-747c-4e7b-8530-cb21be5742cc,Pants
b61be122-02ff-4a32-8da9-d331cbcd3cce,Pants
b6d3beac-7d4c-42a0-aa35-bf6d8d67ca95,Pants
b77cd746-ab20-46cd-9743-cc9588027725,Pants
b7859e0b-68e6-40eb-b465-673ed0d96076,Pants
b823a55c-cfef-4edb-9e49-be38cb2b10c9,Pants
b8408eca-5f15-4351-830e-5a9f4ec6f526,Pants
b9629b5a-e7c6-447d-832b-e4548e728744,Pants
ba24665c-47c3-4987-b741-fa4d878c583f,Pants
ba510e07-0c92-4764-9b4f-d9b12560d1f6,Pants
ba9cd233-fff5-44f2-8569-b6ba0667d6a9,Pants
bbb6d814-4f2e-4311-9d53-ff081cb0d5f6,Pants
bbbff34f-4830-4dc0-819a-45ef69a70e76,Pants
bbfb64cc-f0f9-470e-8b5a-eece4d4438fe,Pants
bcc899d1-550b-4401-a87d-efd409a06286,Pants
bd9d7a70-eaa4-4bc8-ad2c-15da61aae61f,Pants
be08b4a1-37cb-46c0-8287-b1d59c0b6aa6,Pants
be2b21ed-aacc-42d1-b667-c28746fcd47b,Pants
bed78b94-b7d5-4e2a-befb-684dba950ec7,Pants
bee076bc-ffcf-43c4-b365-c551a5a684eb,Pants
bf07c908-95fc-4525-99b7-a3e9c32df978,Pants
bffde213-2bab-486d-a622-f382abaa4e9a,Pants
c14a445b-08ea-406d-aa46-9eed4562b654,Pants
c14a67b3-8d77-4f78-be1e-537bac39d3d3,Pants
c202f877-27da-4f89-ac70-2aac4831d690,Pants
c32f219d-291e-4adf-bf67-a2e186be0826,Pants
c4010e8b-429d-4fec-b3bb-39edc24742bc,Pants
c44623dd-f30a-442c-aaee-ac59bc5297a8,Pants
c4a88052-fc60-4686-9297-8ae33d0fcaa5,Pants
c4b9d4f5-2a30-481a-8cb5-51ae0fd189de,Pants
c4f11a12-2fcd-4268-8045-5a00aec7e656,Pants
c5924c48-00cc-43bd-b8a3-300a1ae7551f,Pants
c7659814-270d-4295-a59f-1c7237180ffb,Pants
c777dda3-609e-42bb-b873-5f17a5e371ad,Pants
c85ee6ca-1e04-4a64-b0b8-d01daaa4af1d,Pants
c895d316-e00a-40a9-9ccf-8fb702b844aa,Pants
c905b7cc-a17a-4c75-b451-87292b51f73a,Pants
c91ab5e6-5cf8-4d79-87a6-a96abe18990f,Pants
c995c900-693d-4dd6-8995-43f3051ec488,Pants
c9a5b637-9b9d-4b0b-94f8-c799020b5a98,Pants
c9ae97dd-eeb4-4ada-b7e2-b2728cf5758f,Pants
ca3a317c-6edc-47a4-a782-8034cd3393f6,Pants
ca90c3ef-dfdb-4319-81cc-f76eff35ae3d,Pants
caac1987-574d-4975-9c36-4e3ba7dcaeef,Pants
cbce7a75-5e1d-4450-9b51-714efa55bfa0,Pants
cc0d271d-0cc4-4673-b3a2-6c5506f8a4dd,Pants
cc5dcadb-144d-4acf-9de7-fe8cda59e891,Pants
cc61f831-f33b-48e4-8623-6fde2a170987,Pants
ccb1f914-c05b-4fd5-ab90-006b8e927485,Pants
cd23d1f5-2066-44e5-b2f2-77ab284320a5,Pants
cd4815be-7610-4b4a-bc20-e2fdeafb4b3a,Pants
cddf9d3b-d75c-4915-9710-85d497a76476,Pants
cfc50433-e50a-442b-b7e0-273e17a4edad,Pants
d03aa977-8e85-4699-b050-c83390e8bd27,Pants
d0fcfc1e-b1ae-43c9-ac0b-c4f65467756e,Pants
d119997f-3466-4948-9aec-7cc2bf5a9acc,Pants
d12dea46-234b-4704-a3a6-f7f8a9d8dca1,Pants
d19e46d9-621e-42f3-b989-528cf9cf97b2,Pants
d372b66f-d6b2-43c6-b33f-095a8fd78595,Pants
d49fe040-1e56-4a6f-8514-2967b3495ad1,Pants
d4ad2ed2-92c7-4dd9-8a3a-c641a1c90f5a,Pants
d81d1197-034f-4885-8787-e804a3e5ec33,Pants
d971bf4a-aa53-40b6-b90e-db4ab46bae43,Pants
daa36873-3c1b-46a8-92a8-aa134c8e474f,Pants
dad82d38-a305-4baf-9e54-cb6b894deb11,Pants
db21e81d-b576-40a1-84b8-cc5bd1d4f7ee,Pants
dbce9cde-930f-44ef-9215-f24a2a1dcd30,Pants
dc81b7ad-4200-479c-b6d5-93665aa47c4f,Pants
dca6b87d-6ab6-4e71-9573-fc1a7831d38d,Pants
dca74f4d-4148-405b-b716-07581e0c2cc0,Pants
dcaa24c0-748f-4aa4-8c4d-bb1a4012ec78,Pants
dcd0e476-3a62-417c-8000-2aac7af37e60,Pants
dd59a1f7-f21c-43e3-aa08-eff7414f2463,Pants
ddd970d8-7a8e-47a3-b49f-1d1206f8fcba,Pants
dde58bb3-f90a-4830-84e1-6d27fe3c16bc,Pants
de55824f-9283-476f-b82b-16c8d4230933,Pants
deb04e10-cf50-4374-8a6a-9b341298b555,Pants
e04c6715-e743-4645-8955-03e86801ec25,Pants
e0dc1f06-78a4-488e-936a-5b2655a65ba6,Pants
e28184d1-f705-48de-927a-87dbb2550fc9,Pants
e2fe051a-4e72-48c2-8472-263c163c63b5,Pants
e360d7df-90fc-4de0-bc17-e8924cbe7222,Pants
e3c6d5c9-3258-4aaa-992f-eef756c5fe20,Pants
e3eac1a3-c0bb-42df-b58e-e0877207cc09,Pants
e59024f1-7bf9-4fc7-a0c9-e0cf48ae6575,Pants
e73115ee-f4ea-4bc7-be9a-7c030264f7d1,Pants
e78ca83f-6aed-43a1-bfea-0cd014316a1e,Pants
e7bd3b87-668e-40d6-9a4e-685cfc9da436,Pants
e94c0116-4bf1-4fc7-acc5-0710e208583e,Pants
e9607c19-d3fb-4797-ae2d-d03afca1b9ef,Pants
e983efac-8284-4c32-b8c6-8bce9f7d3e5b,Pants
ebdeee05-8f12-4a46-8967-b2655abf864f,Pants
ec4a6e11-9ee3-4729-8d5e-894e0a8d9405,Pants
ec4bc8b1-140d-4a9e-bfde-78f5710023ce,Pants
eccb63c8-e7f4-4e26-a28b-9287c12aed1b,Pants
edb5ff7d-cb5d-4e1b-84c1-2cdc509c4da8,Pants
ee1376ab-f0e2-488e-ae2a-1154b070a500,Pants
ef807da0-441e-47aa-a707-ce5c8a86d3ba,Pants
f03266af-e2ee-4fb5-823f-38e238daa944,Pants
f30ba8bd-dbb8-4670-8d1b-fd13f0972296,Pants
f372c204-d970-4c59-916e-414647b00dda,Pants
f3ca5280-6e74-44c6-ad14-f04ca1aee182,Pants
f50f1ab8-e2b4-4f80-9f83-8cb97b51fdea,Pants
f545f01b-8f90-44f3-aae0-8efcaa439054,Pants
f5c71807-a74b-422f-b551-6ca6a1197a57,Pants
f60f4649-b463-4585-aeb2-e0d192b968ca,Pants
f63adeea-b217-4747-bb2c-8a1b4ce4cef8,Pants
f6cdc0f4-9615-4e0c-a22b-6972f6fb4e1a,Pants
f6da26ee-d8a0-4086-b508-0da9c5cde1cc,Pants
f77bacce-2972-4b66-9abb-7ae7f7b44e53,Pants
f7928953-1be4-4935-9cf6-1e70ceb7035d,Pants
f7e20220-14c1-44c0-8d0b-e0ac4bf8b18b,Pants
f7ffc2ea-400f-4965-b989-0b755b9db198,Pants
f84e9e7a-59de-47cd-87a4-39932d70e292,Pants
f86a5843-9501-438a-adfb-f48557a6e5fe,Pants
f92d0fa3-45bd-423e-87e5-6d32650787c4,Pants
f97dba0a-37f7-452b-9159-90d4d6757473,Pants
f98510a9-e9cd-4402-9ed3-e725aba399e8,Pants
f9bb0310-c4eb-44df-90d3-ec7f78659d46,Pants
fa6dd14a-a6e2-4f4f-a2f4-36b610c72cd6,Pants
facb2d9e-2e26-48dc-aefc-da385357ad99,Pants
fadf240e-8292-42fd-b1ef-76671903630e,Pants
fb59bc3a-fdb9-498c-99a6-de73d500f643,Pants
fbdb72f7-0d7f-4c8b-b8b3-0d90c96bffa7,Pants
fc532419-917e-46f4-bd63-f6edbd22f016,Pants
fd2d5fd1-2572-48d1-a089-f44039543b50,Pants
fd680055-a909-4c5e-adf7-cb071d63148f,Pants
fe0ae2fe-9910-4f3f-a7ab-3b6400c9e0b2,Pants
fe61785e-dadc-4195-9442-6bab7e94579f,Pants
00805d0e-7fe5-4251-b577-86065e4f6587,T-Shirt
01d1fed7-996d-496b-b3ae-73ab724f29cc,T-Shirt
02ef828a-a7d5-4475-bf44-3907b3a977ff,T-Shirt
03103065-f445-44a5-b707-53b73534f57d,T-Shirt
0486260d-9355-4958-a7c8-1e672ef27a16,T-Shirt
04ed530a-0bf6-42ee-82c5-73be8e1f6438,T-Shirt
061b697e-086b-48c9-80db-9ecb9b82c64b,T-Shirt
07349830-408d-42b7-baeb-35ad9a21c6bf,T-Shirt
07384634-05b2-4eae-8251-794855910d46,T-Shirt
07adbe68-f902-4819-8a74-420cf4745253,T-Shirt
0952d8a9-daa0-4527-b622-f5cc2fb45d91,T-Shirt
099de1d5-7422-4230-b11b-fe581139b82c,T-Shirt
09cd8fdf-bbe9-4908-8f54-f399bc635c9b,T-Shirt
09ffb7d6-3045-4d5a-8f4b-f0e4738fa960,T-Shirt
0a85a584-cb49-4795-b2f1-7eebbf09399a,T-Shirt
0aa095c3-9d4d-4416-8788-82655af859a8,T-Shirt
0b20fabe-a5f2-4549-bbb2-504ee53dc89d,T-Shirt
0b55a8e8-0087-4c19-8729-b872718ff5ae,T-Shirt
0c7e73b3-af7e-4b6c-b142-82a3760114c3,T-Shirt
0f4428f4-7d85-4d6d-aaa2-65c220a26dd8,T-Shirt
0fe811aa-3980-481b-9acb-8c81a7ca5ebd,T-Shirt
106b79da-fc83-4be8-b138-0dc23b701541,T-Shirt
10e7ed9b-3700-417a-a085-f31eaad50c0c,T-Shirt
10e8be92-be59-421f-9679-655f29a6d449,T-Shirt
10fe0db9-3a39-4281-871f-1ee7f2bdda6b,T-Shirt
112c0b70-cdf7-4cb2-800f-e4f68f2d7a81,T-Shirt
1210f1df-66ca-4490-992e-d922d47432de,T-Shirt
12a48c81-d35b-45f8-93fd-5d69153163e2,T-Shirt
138183f7-178c-4d31-9069-60226d43fab4,T-Shirt
13cdd036-7605-4194-a0ec-29cee3f5e566,T-Shirt
13e4f8bd-04b9-48a8-9939-05d86b9cf9bf,T-Shirt
14dff627-0c2f-43f7-85a9-79f90fa0cbcd,T-Shirt
16e59add-f4dc-42ed-9d0b-117b82ade746,T-Shirt
171437da-73a2-484d-90b5-9a0ce4b36140,T-Shirt
17225acd-6301-4ffd-b13c-d703db9db078,T-Shirt
182967b4-47ec-4b2e-bac0-27bf24c5a2cc,T-Shirt
18e8eae2-79a9-4ec2-87b7-a9f3766e90e4,T-Shirt
19088710-43ac-467e-85c9-e1094db4f499,T-Shirt
194df73c-8468-4782-bcf6-8dd328c09f79,T-Shirt
19f02195-3724-420c-b431-5bb39b65e527,T-Shirt
1a3b3d48-e500-44e4-9fb3-dadde06ea48b,T-Shirt
1a6c9cd3-99bc-481a-95d7-5c38ed1730ee,T-Shirt
1ab00c0e-4fc7-45d4-b9af-7d1bd75e1fd9,T-Shirt
1cab0eb2-60f6-4d0a-a380-9a07b834d855,T-Shirt
1d2a178d-8e5a-4aa7-9801-b3eb3f0967b8,T-Shirt
1dd614d3-5325-4ed0-b9df-b3753b7ed094,T-Shirt
1e054aed-124c-4877-85ae-5fbb6ca1bba0,T-Shirt
1e9db0bb-0f59-44e6-9787-50eaecfd6476,T-Shirt
1eab35b4-7931-4cf6-8768-509ceee15308,T-Shirt
1edea599-fab0-4dfb-8f26-0b01e131f776,T-Shirt
1fae982c-5248-4f9f-8140-841e3110e37c,T-Shirt
1fb0b8b0-f8c2-45ce-8405-e2b86199475f,T-Shirt
1ffb85c6-dbf3-4a01-8e62-49c0be6f0d59,T-Shirt
208e4ef2-1460-4ba5-9f8a-de05249e5af3,T-Shirt
20fdd11b-41dc-4a3f-85c6-c349659f9744,T-Shirt
2110b3fe-12f0-4aa7-aa90-778a9b1e7ba5,T-Shirt
221712f1-c75e-4d28-b095-2c8495278151,T-Shirt
224eaa85-6c96-4a3e-8f07-2612e569cb2a,T-Shirt
22cb0ee4-83d5-471c-b0ec-dfe08d6b8e8a,T-Shirt
2324306f-d9a3-47b7-b648-8684b8aca35c,T-Shirt
23636f41-67c0-4065-b82a-6fd0d3704c07,T-Shirt
237c373e-cd91-4eb0-a2e9-e3da1e1121ca,T-Shirt
2437913a-5a25-48f4-81a6-00bc53cbc711,T-Shirt
2495090c-7686-482f-842b-f375f2b3bb76,T-Shirt
24ccd098-8f30-4b75-a1aa-06a8c42d9835,T-Shirt
25812699-f609-4db8-871e-a86a11fb3afc,T-Shirt
25a66eb2-ce17-44b0-8dc0-811f40e90a5e,T-Shirt
26918340-c680-4c9f-afe0-604f6aa6343b,T-Shirt
27218d39-35f2-4e4d-963d-397d16c087e7,T-Shirt
274c9f51-9e9d-46b1-af8b-434c528eb2fd,T-Shirt
275874a1-4cfd-4852-a751-24cf7f666517,T-Shirt
28709ef4-cebf-40c5-8347-f59932bf9323,T-Shirt
28fe53cd-73db-4b29-b73e-50500b134413,T-Shirt
29d44695-c6b6-4b76-8ac9-12032990ba5f,T-Shirt
2a512285-ef9d-463c-b747-8e60bf50f059,T-Shirt
2a7c1877-3131-49dd-9712-f78f0da4daf2,T-Shirt
2a9b33f5-f34e-4a3b-bb3f-307254c8bdbc,T-Shirt
2ae08b28-adf9-4fc8-b150-513cad510b1e,T-Shirt
2b1774a1-a7fe-4cdd-997c-7e58e5459e96,T-Shirt
2b84e88f-fa18-4af8-b6ef-e51abb38d760,T-Shirt
2ce576f8-cb93-43ee-933b-22d1c6d1678f,T-Shirt
2df565b9-1115-4dc7-bd4a-060f9490a8fe,T-Shirt
2f4e36dd-67e8-47ad-a7d9-1c211fd1b0e3,T-Shirt
2fb12663-3f0a-407f-8bdf-e366d62d459a,T-Shirt
2fc44c1b-c482-46d5-b34b-f559c1d976d7,T-Shirt
2fff27df-def9-4410-962e-cbba35a6b29f,T-Shirt
325ea382-e615-4ddb-9595-bb1b8863209e,T-Shirt
325f5050-f03e-48ac-9738-c4f6019aefe4,T-Shirt
330f1f98-0d3d-4c64-bd82-518e6e157d08,T-Shirt
334c6367-375a-41e6-9ea8-1dbafd54e602,T-Shirt
35209eb5-489a-4774-9cf6-9fd028254883,T-Shirt
3583f121-f3e0-4322-b9d3-84ec8bc6af28,T-Shirt
37ca3848-62c1-4e3c-a672-5627f2270c95,T-Shirt
37f4410f-f017-4838-a202-58fb8ef6af42,T-Shirt
395badf0-fa1e-47ad-82a5-fb24815941fe,T-Shirt
399f799b-df4b-4b99-9a30-f3f914a2e39a,T-Shirt
39f48611-8f45-4c3d-956f-03490892aaa9,T-Shirt
3c25129a-c68b-4401-b4e4-4b1c089452ac,T-Shirt
3cb946f7-5c07-42b8-bd7c-6e2801cf3c7f,T-Shirt
3da1c365-4f2c-4411-b34c-f0247232fcd7,T-Shirt
3eef0277-3c10-4c24-99d7-75edc091064b,T-Shirt
40376883-9234-4459-8e0d-9adaa0fb309b,T-Shirt
4069caee-07be-422f-a9f9-5fdcd97b159f,T-Shirt
420f5211-5289-4e07-af92-264570ed7362,T-Shirt
421fc54c-c5f8-48e8-8be5-c37c7bc70e0d,T-Shirt
45626f38-49a8-4222-8b33-82d0712a6f40,T-Shirt
45800d6c-a8d8-47d9-b61e-91a194ba49e9,T-Shirt
46e76b5f-85cb-4dab-a45c-3c1ea74576f3,T-Shirt
475d03c5-3317-4877-b13d-e2142b33bb70,T-Shirt
47a8fb89-4285-481e-af54-20bc6afb7860,T-Shirt
47ca3979-4cf9-4105-abf4-d9ad12fb5fa5,T-Shirt
49859c1d-7f36-4921-86e7-bca31a8c4651,T-Shirt
4a9ce2fd-5ffb-438a-93d6-83463910b87a,T-Shirt
4acdd295-b0b4-4991-a6cd-c9d2c322c347,T-Shirt
4c08ecd6-faf9-4dbb-ae7c-d66a880389e0,T-Shirt
4c5766ba-bad6-4703-877b-140991c8af87,T-Shirt
4c8f245e-a039-46fd-a6b9-1bb51e83fc05,T-Shirt
4cd8f1c0-f5cf-4ab0-9635-c9b09e5376bc,T-Shirt
4cf53bb2-dede-4173-8dc9-6599726b70b8,T-Shirt
4d81f7a0-9cb3-4c64-a2b7-3ea9b096d091,T-Shirt
4e11f75a-3717-426e-964b-76cefe0455d9,T-Shirt
4e620c49-948c-4cb2-9164-09853d82b816,T-Shirt
4f7e10cd-6981-4e51-855e-aaaf88c4fa09,T-Shirt
4fd981b1-d7fe-4d7f-8029-8e5532723129,T-Shirt
50190d20-30c2-45de-8fba-0749a2223f31,T-Shirt
502cd9c0-4350-4249-8a22-4c2a7c8a31ae,T-Shirt
5074fbd6-8654-40a8-8131-e593be6a10af,T-Shirt
50c03b15-b03e-4b7f-bd52-6332eca1bea8,T-Shirt
51a1d803-9d7f-49d4-9f11-7d87d46f0d23,T-Shirt
51ec2329-7f56-4cec-ae5e-a40b7f79268a,T-Shirt
534cb9e4-658e-48a9-a9d9-365149ee52e8,T-Shirt
53e1ebfe-5216-4c95-b166-bee422a056f6,T-Shirt
54ae4c27-e2ed-4acb-afaa-c8ee74c44996,T-Shirt
54e2c8ea-58ef-4871-ae3f-75eabd9a2c6c,T-Shirt
550dd0ec-bdb9-437e-af1a-1c5daaa3f989,T-Shirt
5547a826-6dac-4eb9-84a6-8652b9ce0e54,T-Shirt
57ee8ecc-e2ca-497a-9bf2-7fafcbc794fa,T-Shirt
586519b5-c6b1-4563-b2d5-df0b428773b4,T-Shirt
58bd912e-e5bb-4d65-ae47-27770a2cbad8,T-Shirt
58e51574-d451-4a2c-a5d4-c6675781cb54,T-Shirt
5909f313-edfd-4d94-9cdb-3a05e02bb926,T-Shirt
5927c07b-c5cb-4167-9fda-9e6dd22fc872,T-Shirt
5929b529-0721-4778-a5eb-465e0a808e54,T-Shirt
5ab59471-f2f5-4ff9-a106-3de7044fbfd2,T-Shirt
5c392383-32b9-4949-bee9-be21bebb61e8,T-Shirt
5ce4af56-0a90-49bb-b4bc-23ed04dc1b11,T-Shirt
5d35805d-9064-430c-90f9-a9395d116a8c,T-Shirt
5d925e47-bc47-4cce-9096-75af190a3428,T-Shirt
5e04aaf0-8c4e-40d4-b1fa-738f572b66bc,T-Shirt
618e1ed4-f01e-45b5-9a5b-ace8f9744f1e,T-Shirt
62e1f14f-9376-4d4a-bf33-e2b3d864695a,T-Shirt
63bb7722-a838-45f6-95be-4a9993373426,T-Shirt
63de7e8c-5972-4eff-96c1-88a045880550,T-Shirt
651173e6-0a94-419a-8a9c-5d9fa4de6ab3,T-Shirt
6567c49d-5cd4-44b2-9824-5c8f4caed18f,T-Shirt
67e1a4f3-3b64-4ec2-af1b-09625f790002,T-Shirt
68231de8-b535-4a6d-a3f5-a6b133f8584a,T-Shirt
6873ca27-5771-48ef-a254-11fa1be5f4fd,T-Shirt
68fa69de-e291-4e21-8620-a4f57564ea39,T-Shirt
68fc2f45-6c5d-4a57-a3e7-2f6a72a4c486,T-Shirt
692b2e5c-17f5-4620-a365-e943dff37dc5,T-Shirt
69b6cfc4-d73c-4dc6-ac21-a85a4dc5ab05,T-Shirt
69d17114-7365-41d1-a1f8-951a53a0683d,T-Shirt
6cb41939-b79a-4fad-b0e1-d760f1b4bc77,T-Shirt
6d08108f-89b2-4b59-afba-8f85892bffa7,T-Shirt
6ebafad6-334a-40c6-93c6-a3ab854f5efa,T-Shirt
70d08b8a-72e4-4e35-bff6-21563e19eed0,T-Shirt
71529624-20f9-489b-9395-6b8c6e024403,T-Shirt
72c8ac09-52ee-445b-ac7c-136efae138d7,T-Shirt
730e1eaf-3cb5-4a15-90f2-bd58e21eeb90,T-Shirt
7325c0ac-3515-4181-b13c-7eb35e37c8e3,T-Shirt
75861e58-b6fe-4008-a3e7-316af2e44354,T-Shirt
75e88fea-2087-4973-97ec-3449bbff9590,T-Shirt
769b4c86-0e6b-4576-8993-0fa927ace181,T-Shirt
76cea708-f235-4a37-aff3-4811830da0b7,T-Shirt
777191aa-cf46-4d94-9b55-1c7ef4f5335b,T-Shirt
77b3d6bb-a238-4fb1-bb12-22b6636336cc,T-Shirt
77d14951-53a9-406e-b243-7c71c94d54f1,T-Shirt
78334dc5-2c60-48f8-a665-5d33e357c2d5,T-Shirt
796012c8-ca16-4b87-ab83-e00e0a6a78f0,T-Shirt
7ac0ac0e-6c82-4e13-890e-5186a62b7807,T-Shirt
7cc6005d-6efe-45d6-ace1-01af3470d456,T-Shirt
7d2cef93-2a52-4462-9b3c-4571c7cf3e0a,T-Shirt
7d8b1aa8-0139-4e20-bb2e-56d21d9f8aec,T-Shirt
7e3b9ab4-5fa2-4f6f-b6e3-db65bca8acaa,T-Shirt
7ed92e7c-ad0c-4e83-b5ac-15d564f7628e,T-Shirt
7efbc6bc-b712-44ac-a877-3598c33646ca,T-Shirt
7f9275de-c63f-46f2-8328-38bf0ae69655,T-Shirt
7fb44e44-48e0-418c-9f28-695cf29997ad,T-Shirt
7febd883-b771-40d4-8f8a-4a38912ae611,T-Shirt
805beda4-9792-4db9-aab7-3108c5211981,T-Shirt
80799dd7-6bc5-4898-aff0-04059c82464c,T-Shirt
8086c317-da42-48c2-bf29-d1d0063a78c7,T-Shirt
81b69e5f-336a-44f6-8a0b-782c4613c0d0,T-Shirt
823f659c-e2eb-4402-9125-30b63b8af830,T-Shirt
82d5ab12-46d6-42e6-ba19-4f3b4c70b678,T-Shirt
830e54f5-ad81-4b01-a4c9-3c241b45201b,T-Shirt
831e024c-83b5-4f66-b9ad-4cd85e6454d4,T-Shirt
83ff89cc-04a4-48cc-8452-739a68b38a31,T-Shirt
84c5becd-3bbc-4f8d-8aff-45a918cbfe89,T-Shirt
8519fc6c-b5c6-4e10-b2c8-e2e04ba80663,T-Shirt
86a1ac99-1345-410d-bf73-d7585eccd769,T-Shirt
8713b1fa-9037-4657-8eda-084d4e147dce,T-Shirt
8743c20a-9ef3-41e2-80b8-9385302530a4,T-Shirt
875e9fc3-7a55-4fc7-8b9a-a919d94e7919,T-Shirt
87b3c9c5-ec25-48d6-9261-e6b0b14c6daa,T-Shirt
87f0405b-bdea-4e8a-a0bf-5199dd1a158c,T-Shirt
883a9a8e-3e7f-4909-bf48-64a26d91789d,T-Shirt
88eedb3c-fd03-4fc3-bb3c-ee0a77906a81,T-Shirt
8a11c5b5-0c7f-47f3-8103-9f58b64cce96,T-Shirt
8b6ef17f-0669-40fa-935f-6a6e44fd348d,T-Shirt
8b719bfa-919d-45c1-a83e-86ceec917c41,T-Shirt
8b7acd22-1d36-4e14-a419-7011e74cbd4d,T-Shirt
8b82657d-eb42-4468-a073-2513eb0d40f1,T-Shirt
8d5b6ef2-bc6f-4364-a278-580a5d91c7d7,T-Shirt
8e4200ca-15aa-4d67-b0dd-ac98d8baa42c,T-Shirt
8ec6a809-a037-4f2e-b7a8-2361ad62a3af,T-Shirt
8f0cd82c-0e68-4668-846e-902e623690e1,T-Shirt
8f82b258-95ed-447e-b912-7b906c931d88,T-Shirt
8fe75612-b29e-4b33-8469-3d3a8f6403e9,T-Shirt
911a104e-2ca1-4983-a732-7cff59fcbec1,T-Shirt
91b1ab10-19de-4262-9560-5c0ae1351612,T-Shirt
943bff1d-f0df-4c30-a5e4-e549542144a2,T-Shirt
955d8981-bfcc-4bca-8289-2d3bd3987b11,T-Shirt
95609fcf-b2c2-4f35-8454-a308262e30ea,T-Shirt
968dfe4f-b221-40e8-b196-9e889239c71b,T-Shirt
9769d8bd-28f6-45e1-9e9f-411b71e54711,T-Shirt
976ae836-d00a-4651-9456-4689c80b4a3f,T-Shirt
980ac56c-90e7-4017-931e-4defbc605207,T-Shirt
983a73c5-3aed-4e42-9286-47d5bd98209a,T-Shirt
9846b8a6-b0c7-404d-9380-d23b1eeb40df,T-Shirt
9924b453-8a3f-4572-b59d-9d09e6ef7f2d,T-Shirt
993f7adc-d7b4-44c1-9b2d-8c73e6775c59,T-Shirt
9955afb1-ab88-459c-885c-3c7f86d1fd00,T-Shirt
996ee77c-3ed1-4630-9838-5d141ff18536,T-Shirt
99fdccb7-216b-46ce-88fd-15e79bccdeac,T-Shirt
9b1ef77e-b7bf-45c5-a94b-34fa578ee24e,T-Shirt
9bccf7a3-d461-44d6-ad9c-c59e86853258,T-Shirt
9cc98501-cd54-446f-aabd-035eed242b9d,T-Shirt
9d433006-cfa0-41e8-8a5a-0d80d50a73e4,T-Shirt
9d981826-b53b-449b-bf38-ead10ca80682,T-Shirt
9e523581-4e18-4d4f-bc1c-a8708b3c5d50,T-Shirt
9e74bfe4-37ec-40d9-beaa-a091d6c35548,T-Shirt
9e878bc8-5e62-4634-9ab2-1209608b8834,T-Shirt
9f17c411-7406-4036-a44c-b6dbfe2b98b8,T-Shirt
9f9f8f65-feb2-4e67-a41d-8be2b7b543da,T-Shirt
a021443c-ab32-41ff-8df5-cf24f6c5402c,T-Shirt
a04786b1-80e1-4e10-903a-36ca728c9b53,T-Shirt
a07ccc66-face-417b-a672-27caee7e72ab,T-Shirt
a1a6a9c2-8e49-4dc5-9c15-7ded378a8956,T-Shirt
a1ce79d6-ad15-4bc6-96bb-ed6b380d0104,T-Shirt
a21a0c36-6e58-4419-8139-8346e3635c6b,T-Shirt
a2e323bf-7cec-44d0-a0cf-b9d5d99bb05f,T-Shirt
a442491b-63d8-4be6-8feb-0dadd876d68c,T-Shirt
a45a4d15-bc24-432b-912e-eb81eba16ef1,T-Shirt
a5ff9c3a-272f-4f7e-9cb9-e6d848dc4c2c,T-Shirt
a68920e2-059b-4d37-84e6-928aa20fa0ed,T-Shirt
a755c77a-2749-46a9-a5c3-75a02f2f2e9c,T-Shirt
a8c5bdc9-1e18-4a83-b54d-57d7e519fbf9,T-Shirt
a8c86656-17b3-444a-9205-bbc376e90db6,T-Shirt
a9894b31-1487-46e2-9a87-c831058b4798,T-Shirt
a9d21da6-dea5-476c-a79b-bfd51f714bee,T-Shirt
aafe2f1b-6257-44ac-b1ef-7c9ad90a64f3,T-Shirt
abca462f-8bc7-4f21-972e-0b5326043712,T-Shirt
ac280aaf-105b-4d1a-b716-8c1a2e99542b,T-Shirt
ac2b8fd1-de2c-495c-9ab2-e4930d36e925,T-Shirt
ad1c122e-b705-451a-aa5a-1fc6272550b2,T-Shirt
ad1cefda-61ff-45a9-be85-c08e4bfba327,T-Shirt
ad7af6f6-e6a6-4950-b3c8-eb498ea70726,T-Shirt
ad90a331-f35b-49e1-8321-2e916c637f1f,T-Shirt
ae2a179f-07d3-4a31-ac2a-9572273755eb,T-Shirt
ae7c807c-5199-423d-a337-a902aadf5f65,T-Shirt
af22af1c-af7c-43d0-aac9-9e662e6f2497,T-Shirt
af3ca392-82ed-474b-a346-7d6cf8937f2c,T-Shirt
b16414e1-9cd7-4173-81d2-4be5bb75553d,T-Shirt
b1bec6b2-83dc-4ae6-b65a-b1212cbced1d,T-Shirt
b1c52857-da21-447d-9517-53947c47d989,T-Shirt
b1e56afe-aac8-4702-9bdf-9b2512bd4395,T-Shirt
b40fd43d-6c94-41d2-b107-fe98fa633ea9,T-Shirt
b4edc39b-350a-4933-ac40-2e65894f5140,T-Shirt
b5a55ab1-6eac-45b3-a6f6-84b1bbeb3afb,T-Shirt
b5f04763-399d-4293-b92f-0c5268210190,T-Shirt
b602653d-ecac-482d-abac-710a440ba811,T-Shirt
b7659fe2-62a4-49a7-8abe-a8ee0992f3ea,T-Shirt
b88b9d84-7e62-4ffa-be92-854dc1804349,T-Shirt
b8b0c023-1fcf-4f16-aeb7-9687f917cd92,T-Shirt
b8fef860-a816-4c39-8811-11e0909bac51,T-Shirt
b92cd51b-f6ae-4912-acdd-31d5a2f146a6,T-Shirt
b9b69d8d-2885-4ac1-8408-a5a379e7116e,T-Shirt
ba12206f-92a9-4592-ad17-05bfc67b6067,T-Shirt
bac6b08c-c175-4874-822a-9f3c7bc0ba43,T-Shirt
bca5d877-14a4-428c-b031-2354ddf9ae7b,T-Shirt
bd36c132-7d35-4c8d-a1a3-307e9a86ba79,T-Shirt
bd6fc5eb-bf25-4339-b55b-22f25bf039c1,T-Shirt
bdbe4658-abe5-4841-a92a-eda6d6b64253,T-Shirt
be698ba0-7a2c-4f38-84ea-6223dc15854d,T-Shirt
bf69747a-2d9b-48a3-87b9-de657ff9450d,T-Shirt
bf79cec3-700a-428d-95c9-83cfd923d606,T-Shirt
c028daef-a24d-48b4-932c-3eb9df50015d,T-Shirt
c103d1a1-6027-4c08-baea-54807fe5218a,T-Shirt
c137e1de-3753-4503-a749-ac45c149f86b,T-Shirt
c1ab2b23-a769-47d8-a2ff-7d7842aa7996,T-Shirt
c1d0e41f-8144-46d0-b9af-9372e2115b66,T-Shirt
c231b5c9-1886-469c-aaa4-14e9caf4252d,T-Shirt
c395de85-824c-4cbe-ad6b-ed80f5c15fb7,T-Shirt
c3a0f268-9b3b-4783-bb75-0a88dcc31101,T-Shirt
c477c3e8-540a-4e1f-a100-605ea827f192,T-Shirt
c5371dda-ab7d-4bfc-9b5b-275c579e3f94,T-Shirt
c5b49a04-f4c8-46bd-ab2c-ccc65a1b6308,T-Shirt
c65f3500-c97e-4d0e-8154-d3db78f3b8e8,T-Shirt
c7036eae-f06c-4aaf-85d5-fdbf64505cfa,T-Shirt
c72791c2-090d-48c0-9117-b4da19f0fb7e,T-Shirt
c8a12997-2e63-4a57-9cb5-68749f5eb816,T-Shirt
c8fe377d-a22b-47f2-84c9-3233b9ab26ef,T-Shirt
c9241648-253e-4951-87df-bca2fe1bdf90,T-Shirt
ce1c9b72-9889-41cd-8ed1-e6eb4305af68,T-Shirt
ceebb69d-fc80-4bb8-a061-db135ecc4e89,T-Shirt
d0e79f68-21f8-48cc-90df-2962f4bff2e7,T-Shirt
d1181559-7d90-4d86-a007-c4abe422ed21,T-Shirt
d2313d1f-992d-4479-8c15-1d51678599ee,T-Shirt
d26fbf89-03c6-4575-85f9-316747a3f208,T-Shirt
d3dae2c8-5333-4943-b709-2dca57bf9554,T-Shirt
d3f1b7f2-e9ce-468e-9960-feeebabc71ad,T-Shirt
d52dd115-109d-4bb6-8ad7-85c1768675b1,T-Shirt
d5491f73-f2bc-4683-aecb-05e5af2720e0,T-Shirt
d5a61162-1cdb-4d17-8a19-c340d59d1a99,T-Shirt
d5afda94-114f-4415-855c-e0c311259073,T-Shirt
d654cdb0-9687-46d4-9867-f632ae2aecec,T-Shirt
d69bda44-f17c-4f19-ad35-ecab00301e74,T-Shirt
d6f94413-4c6f-4ccc-b4ae-9af2c7bbacd1,T-Shirt
d90835e2-e433-4c1b-a43f-4a6ba0f9617a,T-Shirt
d978eb33-ed9f-417d-94be-9a7bb86fc771,T-Shirt
d97a270c-9349-45f7-a06f-dfaf4f17c495,T-Shirt
d9cf9703-1375-4381-a625-d4ea016cc47c,T-Shirt
dc085363-f0c8-4ce2-9eb2-b2795ae06836,T-Shirt
dc458dbc-5d9d-47d1-bb39-f0d3f3327574,T-Shirt
dc8bfdff-11b5-4b10-9732-36a848b257a3,T-Shirt
dc982c2d-49e9-4c08-8b49-4bcc0671c355,T-Shirt
dcac755b-81c6-49fe-991c-2337fa3901a0,T-Shirt
dce606dc-9b40-4bd8-973d-d3113163dc95,T-Shirt
dd8e4b4e-2457-484d-9305-42357bf72dce,T-Shirt
ddbe70b9-d6d0-4df6-a20d-c89e9552b0ec,T-Shirt
defff3ef-adb7-4919-9abb-ae43c34e36f8,T-Shirt
e221fe90-ab6f-437b-9b0b-9a4f995c2bad,T-Shirt
e246f68a-44bb-4d02-ad51-d9829cc94df1,T-Shirt
e30d3ab0-9292-4cdb-992b-cceca6394ab5,T-Shirt
e330e5fa-1bd7-4de9-8952-1558a31fe7aa,T-Shirt
e33e0c6e-be75-46b5-af4c-a307e0a0d8ea,T-Shirt
e396a61a-8045-4565-a6f1-a89cd5aab7f3,T-Shirt
e527e508-fe15-4369-a497-0134a03c755d,T-Shirt
e65675dd-f751-40ee-8af6-2407514f1409,T-Shirt
e718ccc7-c3e7-4105-b19a-76d6d38ad6e0,T-Shirt
e74aed45-b484-4098-936f-29b47537c909,T-Shirt
e7d4544f-a4d5-4fde-aedb-dd9117a68b31,T-Shirt
e7dd97e3-73bf-4443-afc7-7b439d94ebd4,T-Shirt
e83aabcc-a45c-4da6-87ec-cb41580b3bd4,T-Shirt
e84c82c0-c1f9-487a-8e98-104e4c218e07,T-Shirt
e896e472-b3fe-4c65-b746-673635fc07fa,T-Shirt
e912d309-20d4-44c1-887d-43c4e59c76be,T-Shirt
e976a8f6-6731-485f-8a9a-2872a5208818,T-Shirt
ea2ffd4d-9b25-4ca8-9dc2-bd27f1cc59fa,T-Shirt
ea3e5f1b-6987-4b1e-88f9-03659eba4dc7,T-Shirt
ea7b6656-3f84-4eb3-9099-23e623fc1018,T-Shirt
eb56158d-dc68-4d2f-bff1-96ddb8a92b4f,T-Shirt
ed149619-b61a-4f21-9a5f-ba3799ebbc28,T-Shirt
ed702d70-f0c1-44b5-89a0-9fb17d1e611c,T-Shirt
edcc8286-9218-4d5a-8ab1-d2649d23355e,T-Shirt
f0759fd0-0102-4019-a4f2-eaf956e89e8f,T-Shirt
f11d949d-a141-493b-ad09-b8bbe02ca95d,T-Shirt
f24dcd9a-6597-412a-88b0-0ad7ef9aa2e8,T-Shirt
f27326cc-edc1-4894-bbed-15b894289efd,T-Shirt
f34957ab-a838-4b9d-9177-e9ea86831379,T-Shirt
f355fe19-66da-487b-94b5-341f2cd0e73e,T-Shirt
f366dac4-ed8a-4051-8c4c-61bb5d372ebd,T-Shirt
f3c17697-a1ef-4d59-9c8e-917404d27fe3,T-Shirt
f4323b73-1faa-4ca8-8adc-8452dbc116d3,T-Shirt
f59762b1-e4ac-4dfd-bb0e-0174ac789d10,T-Shirt
f59d03e3-1dc0-4015-9e53-7a8925c372c5,T-Shirt
f5cedc75-c4b5-40a7-8536-d70f4065ded3,T-Shirt
f5e497d7-302b-491e-9e6b-df7d17a6abeb,T-Shirt
f5f193c8-5953-4fc8-a385-27352b7c75ea,T-Shirt
f6c4457e-8a9a-48b7-8719-262132467d03,T-Shirt
f7825b1f-0f9e-4e37-8c93-1cc1c6b82970,T-Shirt
f835eeb1-806e-41e0-b7bf-d82c30e6d8fb,T-Shirt
f8b7bdad-76ce-4efc-a26c-6a9d625d91fe,T-Shirt
f8c5b758-d78e-4182-8246-5bf94e0442d6,T-Shirt
f91b69e7-8581-48e4-be8f-74941603673d,T-Shirt
f968404d-6c3a-465e-9edd-347784880455,T-Shirt
fa53d8bd-0c11-4849-bd90-0eb6737f63a2,T-Shirt
fadaa2b4-58dc-4eb8-88b4-941a5b3c6e20,T-Shirt
fb145f9c-024a-4177-ae55-4ef413756ee9,T-Shirt
fb5dd646-6a9e-4666-ab78-74b463431f54,T-Shirt
fb9a8852-83be-430c-be74-df92541011de,T-Shirt
fbb54104-ee0f-4180-9216-2696f9df52a5,T-Shirt
fbb96cbf-6fd6-43e1-bd41-20606dfc1339,T-Shirt
fc5685b3-5fb1-40ae-9fae-926bac491f65,T-Shirt
fcfc68be-41ea-40ef-8040-624453983a85,T-Shirt
fd815439-7fee-40c7-8175-2f32596eb578,T-Shirt
fe21d6e5-b447-4ef4-ae4b-138cbf1a2220,T-Shirt
fe818b75-2c14-4218-8109-e1a8e5daa46c,T-Shirt
